1,aligned-images/xihao/2017-03-23-09-18-13_797110.png
1,aligned-images/xihao/2017-03-23-09-18-14_453736.png
1,aligned-images/xihao/2017-03-23-09-18-15_078846.png
1,aligned-images/xihao/2017-03-23-09-18-14_116760.png
1,aligned-images/xihao/2017-03-23-09-18-13_478276.png
1,aligned-images/xihao/2017-03-23-09-18-14_754386.png
2,aligned-images/xiaocheng/2017-03-24-09-30-58_193376.png
2,aligned-images/xiaocheng/2017-03-24-09-30-57_524886.png
2,aligned-images/xiaocheng/2017-03-24-09-30-57_192996.png
2,aligned-images/xiaocheng/2017-03-24-09-30-57_857012.png
2,aligned-images/xiaocheng/2017-03-24-09-30-56_856632.png
2,aligned-images/xiaocheng/2017-03-24-09-30-56_524473.png
